Product,Price,Location
e,l,e,m,e,n,t, ,n,o,t, ,f,o,u,n,d
f,r,o,m, ,C,h,i,n,a
f,r,o,m, ,G,e,r,m,a,n,y
f,r,o,m, ,U,n,i,t,e,d, ,K,i,n,g,d,o,m
f,r,o,m, ,G,e,r,m,a,n,y
f,r,o,m, ,F,r,a,n,c,e
f,r,o,m, ,U,n,i,t,e,d, ,K,i,n,g,d,o,m
f,r,o,m, ,C,h,i,n,a
f,r,o,m, ,I,t,a,l,y
f,r,o,m, ,C,h,i,n,a
f,r,o,m, ,U,n,i,t,e,d, ,S,t,a,t,e,s
f,r,o,m, ,U,n,i,t,e,d, ,K,i,n,g,d,o,m
f,r,o,m, ,C,h,i,n,a
f,r,o,m, ,C,h,i,n,a
f,r,o,m, ,C,h,i,n,a
f,r,o,m, ,U,n,i,t,e,d, ,S,t,a,t,e,s
f,r,o,m, ,C,h,i,n,a
f,r,o,m, ,U,n,i,t,e,d, ,S,t,a,t,e,s
f,r,o,m, ,U,n,i,t,e,d, ,S,t,a,t,e,s
f,r,o,m, ,C,h,i,n,a
f,r,o,m, ,U,n,i,t,e,d, ,K,i,n,g,d,o,m
f,r,o,m, ,B,e,l,g,i,u,m
f,r,o,m, ,U,n,i,t,e,d, ,S,t,a,t,e,s
f,r,o,m, ,U,n,i,t,e,d, ,S,t,a,t,e,s
f,r,o,m, ,A,u,s,t,r,a,l,i,a
f,r,o,m, ,I,t,a,l,y
f,r,o,m, ,C,h,i,n,a
f,r,o,m, ,B,e,l,g,i,u,m
f,r,o,m, ,U,n,i,t,e,d, ,S,t,a,t,e,s
f,r,o,m, ,C,h,i,n,a
f,r,o,m, ,G,e,r,m,a,n,y
f,r,o,m, ,C,h,i,n,a
f,r,o,m, ,C,h,i,n,a
f,r,o,m, ,C,h,i,n,a
f,r,o,m, ,H,u,n,g,a,r,y
f,r,o,m, ,C,h,i,n,a
f,r,o,m, ,I,t,a,l,y
f,r,o,m, ,U,n,i,t,e,d, ,S,t,a,t,e,s
f,r,o,m, ,U,n,i,t,e,d, ,S,t,a,t,e,s
f,r,o,m, ,G,e,r,m,a,n,y
f,r,o,m, ,C,h,i,n,a
f,r,o,m, ,C,h,i,n,a
f,r,o,m, ,C,h,i,n,a
f,r,o,m, ,U,n,i,t,e,d, ,S,t,a,t,e,s
f,r,o,m, ,C,h,i,n,a
f,r,o,m, ,C,h,i,n,a
f,r,o,m, ,C,h,i,n,a
f,r,o,m, ,C,h,i,n,a
f,r,o,m, ,I,t,a,l,y
f,r,o,m, ,C,h,i,n,a
f,r,o,m, ,C,h,i,n,a
f,r,o,m, ,C,h,i,n,a
f,r,o,m, ,C,h,i,n,a
f,r,o,m, ,U,n,i,t,e,d, ,S,t,a,t,e,s
f,r,o,m, ,C,h,i,n,a
f,r,o,m, ,C,h,i,n,a
f,r,o,m, ,C,h,i,n,a
f,r,o,m, ,C,h,i,n,a
f,r,o,m, ,U,n,i,t,e,d, ,S,t,a,t,e,s
f,r,o,m, ,C,h,i,n,a
f,r,o,m, ,C,h,i,n,a
f,r,o,m, ,I,t,a,l,y
f,r,o,m, ,G,r,e,e,c,e
f,r,o,m, ,C,h,i,n,a
f,r,o,m, ,C,h,i,n,a
f,r,o,m, ,C,h,i,n,a
f,r,o,m, ,C,h,i,n,a
f,r,o,m, ,C,h,i,n,a
f,r,o,m, ,C,h,i,n,a
f,r,o,m, ,C,h,i,n,a
f,r,o,m, ,I,t,a,l,y
f,r,o,m, ,C,h,i,n,a
f,r,o,m, ,C,h,i,n,a
